appid,name,developer,publisher,positive,negative,owners,average_forever,median_forever,ccu,price,initialprice,discount,genre,tags_top
730,Counter-Strike: Global Offensive,Valve,Valve,7642084,1173003,"100,000,000 .. 200,000,000",0,0,1013936,0,0,0,"Action, Free To Play","FPS, Shooter, Multiplayer"
1172470,Apex Legends,Respawn,Electronic Arts,668053,326926,"100,000,000 .. 200,000,000",0,0,124262,0,0,0,"Action, Adventure, Free To Play","Free to Play, Battle Royale, Multiplayer"
578080,PUBG: BATTLEGROUNDS,PUBG Corporation,"KRAFTON, Inc.",1520457,1037487,"100,000,000 .. 200,000,000",0,0,314682,0,0,0,"Action, Adventure, Massively Multiplayer, Free To Play","Survival, Shooter, Battle Royale"
1623730,Palworld,Pocketpair,Pocketpair,358266,22443,"50,000,000 .. 100,000,000",0,0,18028,2249,2999,25,"Action, Adventure, Indie, RPG, Early Access","Open World, Survival, Creature Collector"
440,Team Fortress 2,Valve,Valve,1044264,117208,"50,000,000 .. 100,000,000",0,0,43819,0,0,0,"Action, Free To Play","Free to Play, Hero Shooter, Multiplayer"
1938090,Call of Duty: Modern Warfare II,"Treyarch, Raven Software, Beenox, High Moon Studios, Activision Shanghai, Sledgehammer Games, Infinity Ward, Demonware, Toys for Bob",Activision,419594,294520,"50,000,000 .. 100,000,000",0,0,67419,3849,6999,45,Action,"FPS, Multiplayer, Shooter"
1063730,New World: Aeternum,Amazon Games,Amazon Games,196798,90080,"50,000,000 .. 100,000,000",0,0,5583,5999,5999,0,"Action, Adventure, Massively Multiplayer, RPG","Open World, Massively Multiplayer, MMORPG"
2358720,Black Myth: Wukong,Game Science,Game Science,1111720,38378,"50,000,000 .. 100,000,000",0,0,15004,5999,5999,0,"Action, Adventure, RPG","Mythology, Action RPG, Action"
271590,Grand Theft Auto V Legacy,Rockstar North,Rockstar Games,1739980,250576,"50,000,000 .. 100,000,000",0,0,67851,0,0,0,"Action, Adventure","Open World, Action, Multiplayer"
550,Left 4 Dead 2,Valve,Valve,940221,23762,"50,000,000 .. 100,000,000",0,0,25122,999,999,0,Action,"Zombies, Co-op, FPS"
304930,Unturned,Smartly Dressed Games,Smartly Dressed Games,506516,48852,"50,000,000 .. 100,000,000",0,0,10408,0,0,0,"Action, Adventure, Casual, Indie, Free To Play","Free to Play, Survival, Zombies"
1599340,Lost Ark,Smilegate RPG,Amazon Games,143481,58540,"50,000,000 .. 100,000,000",0,0,17355,0,0,0,"Action, Adventure, Massively Multiplayer, RPG, Free To Play","MMORPG, Free to Play, Action RPG"
236390,War Thunder,Gaijin Entertainment,Gaijin Network Ltd,484469,272617,"20,000,000 .. 50,000,000",0,0,50478,0,0,0,"Action, Massively Multiplayer, Simulation, Free To Play","Free to Play, Simulation, Vehicular Combat"
2246340,Monster Hunter Wilds,"CAPCOM Co., Ltd.","CAPCOM Co., Ltd.",127273,91142,"20,000,000 .. 50,000,000",0,0,12494,2939,6999,58,"Action, Adventure, RPG","Hunting, Action, Multiplayer"
553850,HELLDIVERS 2,Arrowhead Game Studios,PlayStation Publishing LLC,775883,241752,"20,000,000 .. 50,000,000",0,0,53399,3999,3999,0,Action,"Online Co-Op, PvE, Third-Person Shooter"
230410,Warframe,Digital Extremes,Digital Extremes,545393,81110,"20,000,000 .. 50,000,000",0,0,36195,0,0,0,"Action, RPG, Free To Play","Free to Play, Action RPG, Looter Shooter"
1245620,ELDEN RING,"FromSoftware, Inc.","FromSoftware, Inc., Bandai Namco Entertainment",981540,75137,"20,000,000 .. 50,000,000",0,0,29529,5999,5999,0,"Action, RPG","Souls-like, Open World, Dark Fantasy"
105600,Terraria,Re-Logic,Re-Logic,1373979,35494,"20,000,000 .. 50,000,000",0,0,24580,999,999,0,"Action, Adventure, Indie, RPG","Open World Survival Craft, Sandbox, Survival"
2694490,Path of Exile 2,Grinding Gear Games,Grinding Gear Games,118511,50510,"20,000,000 .. 50,000,000",0,0,16727,1499,2999,50,"Action, Adventure, Massively Multiplayer, RPG, Early Access","Action RPG, Hack and Slash, RPG"
431960,Wallpaper Engine,Wallpaper Engine Team,Wallpaper Engine Team,876898,17560,"20,000,000 .. 50,000,000",0,0,91184,499,499,0,"Casual, Indie, Animation & Modeling, Design & Illustration, Photo Editing, Utilities","Mature, Utilities, Anime"
1086940,Baldur's Gate 3,Larian Studios,Larian Studios,736688,23974,"20,000,000 .. 50,000,000",0,0,54771,5999,5999,0,"Adventure, RPG, Strategy","RPG, Character Customization, Choices Matter"
291550,Brawlhalla,Blue Mammoth Games,Ubisoft,314809,71647,"20,000,000 .. 50,000,000",0,0,14169,0,0,0,"Action, Indie, Free To Play","Free to Play, Multiplayer, Fighting"
4000,Garry's Mod,Facepunch Studios,Valve,1122546,37161,"20,000,000 .. 50,000,000",0,0,18400,999,999,0,"Casual, Indie, Simulation","Sandbox, Moddable, Multiplayer"
1085660,Destiny 2,Bungie,Bungie,497891,127725,"20,000,000 .. 50,000,000",0,0,24619,0,0,0,"Action, Adventure, Free To Play","Free to Play, Open World, Multiplayer"
359550,Tom Clancy's Rainbow Six Siege,Ubisoft Montreal,Ubisoft,1172854,225730,"20,000,000 .. 50,000,000",0,0,51847,1999,1999,0,Action,"FPS, PvP, Multiplayer"
252490,Rust,Facepunch Studios,Facepunch Studios,1071135,156649,"20,000,000 .. 50,000,000",0,0,143870,3999,3999,0,"Action, Adventure, Indie, Massively Multiplayer, RPG","Survival, Crafting, Multiplayer"
552990,World of Warships,Wargaming Group Limited,Wargaming Group Limited,112887,33665,"20,000,000 .. 50,000,000",0,0,8518,0,0,0,"Action, Massively Multiplayer, Simulation, Strategy, Free To Play","Free to Play, Naval Combat, Action"
346110,ARK: Survival Evolved,"Studio Wildcard, Instinct Games, Efecto Studios, Virtual Basement LLC","Studio Wildcard, Snail Games USA",612177,117993,"20,000,000 .. 50,000,000",0,0,22170,1499,1499,0,"Action, Adventure, Indie, Massively Multiplayer, RPG","Open World Survival Craft, Survival, Multiplayer"
413150,Stardew Valley,ConcernedApe,ConcernedApe,872384,13811,"20,000,000 .. 50,000,000",0,0,50662,1499,1499,0,"Indie, RPG, Simulation","Farming Sim, Pixel Graphics, Multiplayer"
242760,The Forest,Endnight Games Ltd,Endnight Games Ltd,599805,27986,"20,000,000 .. 50,000,000",0,0,2892,439,1999,78,"Action, Adventure, Indie, Simulation","Open World Survival Craft, Survival, Open World"
1491000,War Robots: Frontiers,MY.GAMES,MY.GAMES,1977,1105,"20,000,000 .. 50,000,000",0,0,256,0,0,0,"Action, Simulation, Free To Play","Free to Play, Third-Person Shooter, Mechs"
238960,Path of Exile,Grinding Gear Games,Grinding Gear Games,209822,25269,"20,000,000 .. 50,000,000",0,0,4694,0,0,0,"Action, Adventure, Indie, Massively Multiplayer, RPG, Free To Play","Free to Play, Dark Fantasy, Action RPG"
218620,PAYDAY 2,OVERKILL - a Starbreeze Studio.,Starbreeze Entertainment,594327,68755,"20,000,000 .. 50,000,000",0,0,27254,999,999,0,"Action, RPG","Co-op, Action, FPS"
291480,Warface: Clutch,MY.GAMES,MY.GAMES,54554,27643,"20,000,000 .. 50,000,000",0,0,270,0,0,0,"Action, Massively Multiplayer, Free To Play","Free to Play, FPS, Multiplayer"
901583,Grand Theft Auto IV: Complete Edition,"Rockstar North, Rockstar Toronto",Rockstar Games,144570,30702,"20,000,000 .. 50,000,000",0,0,0,0,0,0,"Action, Adventure","Open World, Action, Automobile Sim"
899770,Last Epoch,Eleventh Hour Games,Eleventh Hour Games,88027,22596,"20,000,000 .. 50,000,000",0,0,5831,3499,3499,0,"Action, Adventure, Indie, RPG","Action RPG, Loot, Hack and Slash"
340,Half-Life 2: Lost Coast,Valve,Valve,12215,1471,"20,000,000 .. 50,000,000",0,0,2,1999,1999,0,Action,"FPS, Action, Singleplayer"
1091500,Cyberpunk 2077,CD PROJEKT RED,CD PROJEKT RED,713071,131850,"20,000,000 .. 50,000,000",0,0,22265,5999,5999,0,RPG,"Cyberpunk, Open World, Nudity"
381210,Dead by Daylight,Behaviour Interactive Inc.,Behaviour Interactive Inc.,630223,166993,"20,000,000 .. 50,000,000",0,0,44886,1999,1999,0,Action,"Horror, Multiplayer, Survival Horror"
990080,Hogwarts Legacy,Avalanche Software,Warner Bros. Games,289966,31429,"20,000,000 .. 50,000,000",0,0,5716,899,5999,85,"Action, Adventure, RPG","Magic, Open World, Fantasy"
438100,VRChat,VRChat Inc.,VRChat Inc.,181623,58732,"20,000,000 .. 50,000,000",0,0,34699,0,0,0,"Adventure, Casual, Massively Multiplayer, Simulation, Sports, Free To Play, Early Access","VR, Free to Play, Multiplayer"
292030,The Witcher 3: Wild Hunt,CD PROJEKT RED,CD PROJEKT RED,802993,32356,"20,000,000 .. 50,000,000",0,0,15893,3999,3999,0,RPG,"Open World, RPG, Story Rich"
945360,Among Us,Innersloth,Innersloth,643681,57104,"20,000,000 .. 50,000,000",0,0,3832,299,499,40,Casual,"Multiplayer, Social Deduction, Online Co-Op"
1097150,Fall Guys: Ultimate Knockout,Mediatonic,Ravenscourt,385154,88589,"20,000,000 .. 50,000,000",0,0,664,0,0,0,"Action, Casual, Indie, Massively Multiplayer, Sports","Multiplayer, Party Game, Battle Royale"
49520,Borderlands 2,"Gearbox Software, Aspyr (Mac), Aspyr (Linux)","2K, Aspyr (Mac), Aspyr (Linux)",272900,22318,"10,000,000 .. 20,000,000",0,0,8551,1999,1999,0,"Action, RPG","Loot, Shooter, Action"
227300,Euro Truck Simulator 2,SCS Software,SCS Software,844480,22924,"10,000,000 .. 20,000,000",0,0,17281,1999,1999,0,"Indie, Simulation","Driving, Transportation, Simulation"
892970,Valheim,Iron Gate AB,Coffee Stain Publishing,471451,28377,"10,000,000 .. 20,000,000",0,0,14439,1999,1999,0,"Action, Adventure, Indie, RPG, Early Access","Open World Survival Craft, Survival, Online Co-Op"
739630,Phasmophobia,Kinetic Games,Kinetic Games,736611,32168,"10,000,000 .. 20,000,000",0,0,9978,1999,1999,0,"Action, Indie, Early Access","Horror, Online Co-Op, Multiplayer"
444090,Paladins,Evil Mojo Games,Hi-Rez Studios,294373,52031,"10,000,000 .. 20,000,000",0,0,1028,0,0,0,"Action, Adventure, Massively Multiplayer, Strategy, Free To Play","Hero Shooter, Free to Play, Multiplayer"
1203220,NARAKA: BLADEPOINT,24 Entertainment,NetEase Games Global,225960,98967,"10,000,000 .. 20,000,000",0,0,66954,0,0,0,"Action, Adventure, Massively Multiplayer","Battle Royale, Multiplayer, Martial Arts"
320,Half-Life 2: Deathmatch,Valve,Valve,12962,1334,"10,000,000 .. 20,000,000",0,0,159,1999,1999,0,Action,"Action, FPS, Multiplayer"
70,Half-Life,Valve,Valve,143086,5135,"10,000,000 .. 20,000,000",0,0,634,999,999,0,Action,"FPS, Classic, 1990's"
582010,Monster Hunter: World,"CAPCOM Co., Ltd.","CAPCOM Co., Ltd.",434239,59151,"10,000,000 .. 20,000,000",0,0,11923,779,2999,74,Action,"Co-op, Multiplayer, Action"
227940,Heroes & Generals,TLM Partners,TLM Partners,96499,46264,"10,000,000 .. 20,000,000",0,0,0,0,0,0,"Action, Free To Play, Indie, Massively Multiplayer, Strategy","Free to Play, World War II, FPS"
252950,Rocket League,Psyonix LLC,Psyonix LLC,509445,73775,"10,000,000 .. 20,000,000",0,0,21106,0,0,0,"Action, Indie, Racing, Sports","Multiplayer, Football (Soccer), Competitive"
108600,Project Zomboid,The Indie Stone,The Indie Stone,355171,21892,"10,000,000 .. 20,000,000",0,0,22864,1999,1999,0,"Indie, RPG, Simulation, Early Access","Survival, Zombies, Open World"
1966720,Lethal Company,Zeekerss,Zeekerss,473422,13738,"10,000,000 .. 20,000,000",0,0,6199,999,999,0,"Action, Adventure, Indie, Early Access","Online Co-Op, Horror, First-Person"
1174180,Red Dead Redemption 2,Rockstar Games,Rockstar Games,676667,56875,"10,000,000 .. 20,000,000",0,0,29885,5999,5999,0,"Action, Adventure","Open World, Story Rich, Western"
1517290,Battlefield 2042,DICE,Electronic Arts,139186,158588,"10,000,000 .. 20,000,000",0,0,2774,5999,5999,0,"Action, Adventure, Casual","FPS, Multiplayer, Shooter"
1240440,Halo Infinite,343 Industries,Xbox Game Studios,123333,53708,"10,000,000 .. 20,000,000",0,0,2275,0,0,0,"Action, Free To Play","Free to Play, FPS, Multiplayer"
648800,Raft,Redbeet Interactive,Axolot Games,323198,23161,"10,000,000 .. 20,000,000",0,0,4701,1999,1999,0,"Adventure, Indie, Simulation","Survival, Multiplayer, Open World Survival Craft"
386360,SMITE,Titan Forge Games,Hi-Rez Studios,94368,25428,"10,000,000 .. 20,000,000",0,0,1853,0,0,0,"Action, Adventure, Casual, Massively Multiplayer, RPG, Strategy, Free To Play","Free to Play, MOBA, Multiplayer"
444200,World of Tanks Blitz,Wargaming Group Limited,Wargaming Group Limited,116407,31754,"10,000,000 .. 20,000,000",0,0,5707,0,0,0,"Action, Massively Multiplayer, Simulation, Strategy, Free To Play","Tanks, Free to Play, Shooter"
10,Counter-Strike,Valve,Valve,243818,6427,"10,000,000 .. 20,000,000",0,0,7323,999,999,0,Action,"Action, FPS, Multiplayer"
240,Counter-Strike: Source,Valve,Valve,175426,6808,"10,000,000 .. 20,000,000",0,0,6187,999,999,0,Action,"Shooter, FPS, Action"
3164500,Schedule I,TVGS,TVGS,200803,3238,"10,000,000 .. 20,000,000",0,0,22757,1999,1999,0,"Action, Indie, Simulation, Strategy, Early Access","Simulation, Co-op, Crime"
755790,Ring of Elysium,Aurora Studio,TCH Scarlet Limited,74345,25492,"10,000,000 .. 20,000,000",0,0,0,0,0,0,"Action, Free To Play, Massively Multiplayer","Free to Play, Battle Royale, Shooter"
400,Portal,Valve,Valve,175024,2717,"10,000,000 .. 20,000,000",0,0,638,999,999,0,Action,"Puzzle, Puzzle-Platformer, First-Person"
1222670,The Sims 4,Maxis,Electronic Arts,149064,21663,"10,000,000 .. 20,000,000",0,0,25276,0,0,0,"Adventure, Casual, Simulation, Free To Play","Life Sim, Character Customization, Free to Play"
550650,Black Squad,"VALOFE, NS STUDIO",VALOFE,62042,19672,"10,000,000 .. 20,000,000",0,0,212,0,0,0,"Action, Free To Play","Free to Play, FPS, Shooter"
322330,Don't Starve Together,Klei Entertainment,Klei Entertainment,475393,23668,"10,000,000 .. 20,000,000",0,0,30542,1499,1499,0,"Action, Adventure, Indie, RPG, Simulation, Strategy","Survival, Open World Survival Craft, Multiplayer"
239140,Dying Light,Techland,Techland,435687,21945,"10,000,000 .. 20,000,000",0,0,4953,2499,2499,0,"Action, RPG","Zombies, Survival Horror, Horror"
477160,Human Fall Flat,No Brakes Games,Curve Games,202253,11387,"10,000,000 .. 20,000,000",0,0,950,1999,1999,0,"Adventure, Casual, Indie, Simulation","Co-op, Funny, Puzzle"
251570,7 Days to Die,The Fun Pimps,The Fun Pimps Entertainment LLC,327889,42157,"10,000,000 .. 20,000,000",0,0,17045,4499,4499,0,"Action, Adventure, Indie, RPG, Simulation, Strategy","Survival, Zombies, Multiplayer"
100,Counter-Strike: Condition Zero,Valve,Valve,13442,1535,"10,000,000 .. 20,000,000",0,0,83,999,999,0,Action,"Action, FPS, Shooter"
1665460,eFootball,KONAMI,KONAMI,44067,48266,"10,000,000 .. 20,000,000",0,0,13404,0,0,0,"Simulation, Sports, Free To Play","Football (Soccer), Free to Play, Controller"
417910,Street Warriors Online,Crazy Rocks Studios,Crazy Rocks Studios,941,693,"10,000,000 .. 20,000,000",0,0,1,199,199,0,"Action, Massively Multiplayer, Simulation, Sports","Fighting, Action, Multiplayer"
433850,Z1 Battle Royale,Daybreak Game Company,Daybreak Game Company,113729,90284,"10,000,000 .. 20,000,000",0,0,1010,0,0,0,"Action, Adventure, Free To Play, Massively Multiplayer","Survival, Massively Multiplayer, Multiplayer"
594650,Hunt: Showdown 1896,Crytek,Crytek,181110,67110,"10,000,000 .. 20,000,000",0,0,6300,2999,2999,0,Action,"Open World, Extraction Shooter, Multiplayer"
814380,Sekiro: Shadows Die Twice - GOTY Edition,"FromSoftware, Inc.","Activision (Excluding Japan and Asia), FromSoftware, Inc. (Japan), 方块游戏 (Asia)",307041,15193,"10,000,000 .. 20,000,000",0,0,6767,5999,5999,0,"Action, Adventure","Souls-like, Difficult, Action"
1116170,CyberCorp,Megame LLC,Megame LLC,266,56,"10,000,000 .. 20,000,000",0,0,3,1499,1499,0,"Action, Adventure, Indie, RPG","Top-Down Shooter, Twin Stick Shooter, Top-Down"
220,Half-Life 2,Valve,Valve,239721,5906,"10,000,000 .. 20,000,000",0,0,1555,999,999,0,Action,"FPS, Action, Sci-fi"
107410,Arma 3,Bohemia Interactive,Bohemia Interactive,256128,27136,"10,000,000 .. 20,000,000",0,0,7181,2999,2999,0,"Action, Simulation, Strategy","Military, Action, Multiplayer"
1326470,Sons Of The Forest,Endnight Games Ltd,Newnight ,222495,31051,"10,000,000 .. 20,000,000",0,0,4450,899,2999,70,"Action, Adventure, Indie, Simulation","Survival, Open World, Multiplayer"
219990,Grim Dawn,Crate Entertainment,Crate Entertainment,93489,6241,"10,000,000 .. 20,000,000",0,0,2376,2499,2499,0,"Action, Adventure, Indie, RPG","Action RPG, Hack and Slash, Loot"
255710,Cities: Skylines,Colossal Order,Paradox Interactive,256362,19408,"10,000,000 .. 20,000,000",0,0,8842,2999,2999,0,"Simulation, Strategy","City Builder, Simulation, Building"
261550,Mount & Blade II: Bannerlord,TaleWorlds Entertainment,TaleWorlds Entertainment,232360,32031,"10,000,000 .. 20,000,000",0,0,14477,4999,4999,0,"Action, Indie, RPG, Simulation, Strategy","Medieval, Strategy, Open World"
8930,Sid Meier's Civilization V,"Firaxis Games, Aspyr (Mac), Aspyr (Linux)","2K, Aspyr (Mac), Aspyr (Linux)",195724,8541,"10,000,000 .. 20,000,000",0,0,12206,2999,2999,0,Strategy,"Turn-Based Strategy, Strategy, Turn-Based"
304050,Trove,gamigo US Inc.,gamigo US Inc.,74103,18267,"10,000,000 .. 20,000,000",0,0,758,0,0,0,"Action, Adventure, Casual, Massively Multiplayer, RPG, Free To Play","Free to Play, Open World, Sandbox"
289070,Sid Meier’s Civilization VI,"Firaxis Games, Aspyr (Mac), Aspyr (Linux)","2K, Aspyr (Mac), Aspyr (Linux)",304053,45867,"10,000,000 .. 20,000,000",0,0,25420,5999,5999,0,Strategy,"Strategy, Turn-Based Strategy, Multiplayer"
377160,Fallout 4,Bethesda Game Studios,Bethesda Softworks,326054,66233,"10,000,000 .. 20,000,000",0,0,11179,1999,1999,0,RPG,"Open World, Post-apocalyptic, Singleplayer"
532210,Life is Strange 2,"DONTNOD Entertainment, Feral Interactive (Mac), Feral Interactive (Linux)","Square Enix, Feral Interactive (Mac), Feral Interactive (Linux)",31616,5018,"10,000,000 .. 20,000,000",0,0,153,3196,3196,0,Adventure,"Choices Matter, Story Rich, Adventure"
2186680,"Warhammer 40,000: Rogue Trader",Owlcat Games,Owlcat Games,26360,4445,"10,000,000 .. 20,000,000",0,0,3582,4999,4999,0,"Action, Adventure, Indie, RPG, Strategy","Character Customization, Cinematic, Story Rich"
1238810,Battlefield V,DICE,Electronic Arts,177352,72936,"10,000,000 .. 20,000,000",0,0,6327,4999,4999,0,Action,"FPS, Multiplayer, Singleplayer"
3241660,R.E.P.O.,semiwork,semiwork,179154,6488,"10,000,000 .. 20,000,000",0,0,32349,999,999,0,"Action, Early Access","Horror, Online Co-Op, Multiplayer"
221100,DayZ,Bohemia Interactive,Bohemia Interactive,330349,99903,"10,000,000 .. 20,000,000",0,0,37066,4999,4999,0,"Action, Adventure, Massively Multiplayer","Survival, Open World, Online Co-Op"
526870,Satisfactory,Coffee Stain Studios,Coffee Stain Publishing,225479,6585,"10,000,000 .. 20,000,000",0,0,12596,2799,3999,30,"Adventure, Indie, Simulation, Strategy","Base-Building, Automation, Open World"
1089350,NBA 2K20,Visual Concepts,2K,30260,30413,"5,000,000 .. 10,000,000",0,0,221,0,0,0,"Simulation, Sports","Basketball, Sports, Simulation"
632360,Risk of Rain 2,Hopoo Games,Gearbox Publishing,293127,20450,"5,000,000 .. 10,000,000",0,0,7902,824,2499,67,"Action, Indie","Third-Person Shooter, Action Roguelike, Multiplayer"
1811260,EA SPORTS FIFA 23,EA Canada &amp; EA Romania,Electronic Arts,86192,65227,"5,000,000 .. 10,000,000",0,0,1280,0,0,0,"Simulation, Sports","Football (Soccer), Sports, Controller"
204360,Castle Crashers,The Behemoth,The Behemoth,120733,4865,"5,000,000 .. 10,000,000",0,0,443,1499,1499,0,"Action, Adventure, Casual, Indie, RPG","2D, Online Co-Op, Co-op"
218230,PlanetSide 2,Rogue Planet Games,Daybreak Game Company,59598,14096,"5,000,000 .. 10,000,000",0,0,496,0,0,0,"Action, Massively Multiplayer, Free To Play","Free to Play, FPS, Massively Multiplayer"
72850,The Elder Scrolls V: Skyrim,Bethesda Game Studios,Bethesda Softworks,300915,16364,"5,000,000 .. 10,000,000",0,0,1463,1999,1999,0,RPG,"Open World, RPG, Fantasy"
394360,Hearts of Iron IV,Paradox Development Studio,Paradox Interactive,305168,36982,"5,000,000 .. 10,000,000",0,0,32112,4999,4999,0,"Simulation, Strategy","Strategy, World War II, Grand Strategy"
489830,The Elder Scrolls V: Skyrim Special Edition,Bethesda Game Studios,Bethesda Softworks,310162,26896,"5,000,000 .. 10,000,000",0,0,25085,3999,3999,0,RPG,"Open World, RPG, Adventure"
322170,Geometry Dash,RobTop Games,RobTop Games,401026,28895,"5,000,000 .. 10,000,000",0,0,27850,499,499,0,"Action, Indie","Difficult, Music, Level Editor"
1446780,MONSTER HUNTER RISE,"CAPCOM Co., Ltd.","CAPCOM Co., Ltd.",92564,20108,"5,000,000 .. 10,000,000",0,0,3658,799,3999,80,Action,"Action, Hunting, Online Co-Op"
224260,No More Room in Hell,No More Room in Hell Team,Lever Games,66753,7500,"5,000,000 .. 10,000,000",0,0,473,0,0,0,"Action, Indie, Free To Play","Free to Play, Zombies, Multiplayer"
203160,Tomb Raider Game of the Year,"Crystal Dynamics, Eidos-Montréal, Feral Interactive (Mac), Nixxes","Crystal Dynamics, Feral Interactive (Mac)",238239,9691,"5,000,000 .. 10,000,000",0,0,556,299,1999,85,"Action, Adventure","Adventure, Action, Female Protagonist"
275850,No Man's Sky,Hello Games,Hello Games,293332,59526,"5,000,000 .. 10,000,000",0,0,12291,5999,5999,0,"Action, Adventure","Open World, Open World Survival Craft, Space"
367520,Hollow Knight,Team Cherry,Team Cherry,403641,12305,"5,000,000 .. 10,000,000",0,0,4912,1499,1499,0,"Action, Adventure, Indie","Metroidvania, Souls-like, Platformer"
301520,Robocraft,Freejam,Freejam,86240,31815,"5,000,000 .. 10,000,000",0,0,3,0,0,0,"Action, Indie, Massively Multiplayer, RPG, Simulation, Free To Play","Free to Play, Robots, Building"
767560,War Robots,MY.GAMES,MY.GAMES,15951,10624,"5,000,000 .. 10,000,000",0,0,1280,0,0,0,"Action, Free To Play","Robots, Mechs, Free to Play"
2050650,Resident Evil 4,"CAPCOM Co., Ltd.","CAPCOM Co., Ltd.",177539,4169,"5,000,000 .. 10,000,000",0,0,3748,999,3999,75,"Action, Adventure","Horror, Action, Survival Horror"
466240,Deceit,World Makers,World Makers,73606,19421,"5,000,000 .. 10,000,000",0,0,155,0,0,0,"Action, Indie, Free To Play","PvP, Multiplayer, Horror"
284160,BeamNG.drive,BeamNG,BeamNG,313873,8405,"5,000,000 .. 10,000,000",0,0,15863,2499,2499,0,"Racing, Simulation, Early Access","Simulation, Driving, Physics"
278360,A Story About My Uncle,Gone North Games,Coffee Stain Publishing,26479,2437,"5,000,000 .. 10,000,000",0,0,8,299,1499,80,"Adventure, Casual, Indie","Adventure, First-Person, Parkour"
264710,Subnautica,Unknown Worlds Entertainment,Unknown Worlds Entertainment,304449,9258,"5,000,000 .. 10,000,000",0,0,2719,2999,2999,0,"Adventure, Indie","Open World Survival Craft, Survival, Horror"
80,Counter-Strike: Condition Zero,Valve,Valve,24271,2287,"5,000,000 .. 10,000,000",0,0,276,999,999,0,Action,"Action, FPS, Shooter"
370910,Kathy Rain,Clifftop Games,Raw Fury,3478,300,"5,000,000 .. 10,000,000",0,0,10,99,999,90,"Adventure, Indie","Point & Click, Adventure, Pixel Graphics"
40,Deathmatch Classic,Valve,Valve,2618,545,"5,000,000 .. 10,000,000",0,0,7,499,499,0,Action,"Action, FPS, Classic"
275390,Guacamelee! Super Turbo Championship Edition,Drinkbox Studios,"Drinkbox Studios, Kepler Ghost",6234,499,"5,000,000 .. 10,000,000",0,0,5,1499,1499,0,"Action, Adventure, Indie","Platformer, 2D, Metroidvania"
2881650,Content Warning,"Zorro, Wilnyl, Philip, thePetHen, Skog",Evil Landfall?,137483,7608,"5,000,000 .. 10,000,000",0,0,722,495,799,38,"Action, Adventure, Indie","Online Co-Op, Horror, Multiplayer"
311210,Call of Duty: Black Ops III,"Treyarch, Aspyr (Mac)","Activision, Aspyr (Mac)",181306,33720,"5,000,000 .. 10,000,000",0,0,5414,5999,5999,0,"Action, Adventure","Multiplayer, Zombies, FPS"
333930,Dirty Bomb,Splash Damage,Warchest Ltd.,46464,10703,"5,000,000 .. 10,000,000",0,0,40,0,0,0,"Action, Free To Play","Hero Shooter, Free to Play, FPS"
1172620,Sea of Thieves: 2026 Edition,Rare Ltd,Xbox Game Studios,317074,38164,"5,000,000 .. 10,000,000",0,0,5437,3999,3999,0,"Action, Adventure","Multiplayer, Open World, Adventure"
22380,Fallout: New Vegas,Obsidian Entertainment,Bethesda Softworks,218763,8937,"5,000,000 .. 10,000,000",0,0,3892,999,999,0,"Action, RPG","Open World, RPG, Post-apocalyptic"
250900,The Binding of Isaac: Rebirth,"Nicalis, Inc., Edmund McMillen","Nicalis, Inc.",334165,9255,"5,000,000 .. 10,000,000",0,0,14904,1499,1499,0,Action,"Action Roguelike, Rogue-like, Indie"
700330,SCP: Secret Laboratory,Northwood Studios,Northwood Studios,195923,18386,"5,000,000 .. 10,000,000",0,0,4696,0,0,0,"Action, Free To Play","Free to Play, Multiplayer, Horror"
10180,Call of Duty: Modern Warfare 2 (2009),Infinity Ward,Activision,54145,3973,"5,000,000 .. 10,000,000",0,0,399,1999,1999,0,Action,"Action, FPS, Multiplayer"
582660,Black Desert,Pearl Abyss,Pearl Abyss,64416,22503,"5,000,000 .. 10,000,000",0,0,14345,999,999,0,"Action, Adventure, Massively Multiplayer, RPG, Strategy","MMORPG, Massively Multiplayer, Open World"
1229490,ULTRAKILL,"Arsi ""Hakita"" Patala",New Blood Interactive,165867,3884,"5,000,000 .. 10,000,000",0,0,3122,2999,2999,0,"Action, Indie, Early Access","Boomer Shooter, Fast-Paced, FPS"
1046930,Dota Underlords,Valve,Valve,74753,16141,"5,000,000 .. 10,000,000",0,0,1008,0,0,0,"Casual, Strategy, Free To Play","Free to Play, Strategy, Auto Battler"
1426210,It Takes Two,Hazelight Studios,Electronic Arts,208042,10341,"5,000,000 .. 10,000,000",0,0,5018,3999,3999,0,"Action, Adventure","Co-op, Multiplayer, Split Screen"
2195250,EA SPORTS FC 24,"EA Canada, EA Romania",Electronic Arts,63281,46293,"5,000,000 .. 10,000,000",0,0,5110,6999,6999,0,"Simulation, Sports","Football (Soccer), Sports, Controller"
2183900,"Warhammer 40,000: Space Marine 2",Saber Interactive,Focus Entertainment,134739,27846,"5,000,000 .. 10,000,000",0,0,6851,5999,5999,0,"Action, Adventure, RPG","Warhammer 40K, Action, Third-Person Shooter"
883710,Resident Evil 2,"CAPCOM Co., Ltd.","CAPCOM Co., Ltd.",167647,5210,"5,000,000 .. 10,000,000",0,0,1123,799,3999,80,Action,"Zombies, Survival Horror, Horror"
219640,Chivalry: Medieval Warfare,Torn Banner Studios,Torn Banner Studios,54016,11428,"5,000,000 .. 10,000,000",0,0,32,499,2499,80,"Action, Indie","Medieval, Multiplayer, Action"
306130,The Elder Scrolls Online,ZeniMax Online Studios,Bethesda Softworks,125497,28616,"5,000,000 .. 10,000,000",0,0,15987,1999,1999,0,"Action, Adventure, Massively Multiplayer, RPG","RPG, MMORPG, Open World"
244210,Assetto Corsa,Kunos Simulazioni,Kunos Simulazioni,140238,11153,"5,000,000 .. 10,000,000",0,0,8961,1999,1999,0,"Indie, Racing, Simulation, Sports","Racing, Automobile Sim, Simulation"
268500,XCOM 2,"Firaxis Games, Feral Interactive (Mac), Feral Interactive (Linux)","2K, Feral Interactive (Mac), Feral Interactive (Linux)",86187,15514,"5,000,000 .. 10,000,000",0,0,3123,1999,1999,0,Strategy,"Isometric, Turn-Based Combat, Post-apocalyptic"
1794680,Vampire Survivors,poncle,poncle,246479,3855,"5,000,000 .. 10,000,000",0,0,2966,499,499,0,"Action, Casual, Indie, RPG","Action Roguelike, Bullet Hell, Pixel Graphics"
1818750,MultiVersus,Player First Games,Warner Bros. Games,90318,27894,"5,000,000 .. 10,000,000",0,0,55,0,0,0,"Action, Free To Play","Multiplayer, 2D Fighter, Co-op"
242050,Assassin’s Creed IV Black Flag,Ubisoft Montreal,Ubisoft,62942,8129,"5,000,000 .. 10,000,000",0,0,923,3999,3999,0,"Action, Adventure","Pirates, Open World, Assassin"
30,Day of Defeat,Valve,Valve,6414,688,"5,000,000 .. 10,000,000",0,0,87,499,499,0,Action,"FPS, World War II, Multiplayer"
236850,Europa Universalis IV,"Paradox Development Studio, Paradox Tinto",Paradox Interactive,116432,18004,"5,000,000 .. 10,000,000",0,0,12445,4999,4999,0,"Simulation, Strategy","Grand Strategy, Strategy, Historical"
363970,Clicker Heroes,Playsaurus,Playsaurus,54989,6315,"5,000,000 .. 10,000,000",0,0,2019,0,0,0,"Adventure, Casual, Indie, RPG, Simulation, Strategy, Free To Play","Clicker, Idler, Casual"
379720,DOOM,id Software,Bethesda Softworks,198001,9278,"5,000,000 .. 10,000,000",0,0,1590,1999,1999,0,Action,"FPS, Gore, Action"
253710,theHunter Classic,"Expansive Worlds, Avalanche Studios","Expansive Worlds, Avalanche Studios",24959,17994,"5,000,000 .. 10,000,000",0,0,417,0,0,0,"Action, Adventure, Free To Play, Simulation, Sports","Free to Play, Hunting, Multiplayer"
273350,Evolve Stage 2,Turtle Rock Studios,2K,33844,14518,"5,000,000 .. 10,000,000",0,0,9,0,0,0,"Action, Free To Play","Action, Multiplayer, Co-op"
1782210,Crab Game,Dani,Dani,139538,12895,"5,000,000 .. 10,000,000",0,0,2921,0,0,0,"Action, Casual, Free To Play, Indie, Racing","Psychological Horror, Multiplayer, Free to Play"
844870,KurtzPel,KOG,KOG,20936,13480,"5,000,000 .. 10,000,000",0,0,30,0,0,0,"Action, Free To Play, Early Access","Anime, Free to Play, Character Customization"
601150,Devil May Cry 5,"CAPCOM Co., Ltd.","CAPCOM Co., Ltd.",140260,5873,"5,000,000 .. 10,000,000",0,0,2248,2999,2999,0,Action,"Action, Hack and Slash, Great Soundtrack"
1286830,STAR WARS: The Old Republic,Broadsword,Electronic Arts,60864,7088,"5,000,000 .. 10,000,000",0,0,6625,0,0,0,"Massively Multiplayer, RPG, Free To Play","Free to Play, Multiplayer, MMORPG"
365670,Blender,Blender Foundation,Blender Foundation,70186,2695,"5,000,000 .. 10,000,000",0,0,9640,0,0,0,"Animation & Modeling, Design & Illustration, Video Production","Animation & Modeling, Software, Design & Illustration"
319630,Life is Strange - Episode 1,"DONTNOD Entertainment, Feral Interactive (Mac), Feral Interactive (Linux)","Square Enix, Feral interactive (Mac), Feral Interactive (Linux)",162769,6432,"5,000,000 .. 10,000,000",0,0,294,0,0,0,"Action, Adventure","Story Rich, Choices Matter, Great Soundtrack"
1293830,Forza Horizon 4,Playground Games,Xbox Game Studios,263942,26975,"5,000,000 .. 10,000,000",0,0,4864,0,0,0,Racing,"Racing, Open World, Driving"
1145360,Hades,Supergiant Games,Supergiant Games,274829,4912,"5,000,000 .. 10,000,000",0,0,2253,2499,2499,0,"Action, Indie, RPG","Action Roguelike, Rogue-lite, Hack and Slash"
671860,BattleBit Remastered,"SgtOkiDoki, Vilaskis, TheLiquidHorse",SgtOkiDoki,120458,22666,"5,000,000 .. 10,000,000",0,0,568,1499,1499,0,"Action, Massively Multiplayer, Early Access","FPS, Multiplayer, Shooter"
427520,Factorio,Wube Software LTD.,Wube Software LTD.,208770,6439,"5,000,000 .. 10,000,000",0,0,16426,3500,3500,0,"Casual, Indie, Simulation, Strategy","Automation, Base-Building, Resource Management"
221380,Age of Empires II (Retired),"Skybox Labs, Hidden Path Entertainment, Ensemble Studios, Forgotten Empires",Xbox Game Studios,97083,4268,"5,000,000 .. 10,000,000",0,0,2278,1999,1999,0,Strategy,"Strategy, RTS, Medieval"
231430,Company of Heroes 2,"Relic Entertainment, Feral Interactive (Mac), Feral Interactive (Linux)","Relic Entertainment, Feral Interactive (Mac), Feral Interactive (Linux)",86713,23112,"5,000,000 .. 10,000,000",0,0,2330,1999,1999,0,Strategy,"Strategy, World War II, RTS"
813820,Realm Royale,Heroic Leap Games,Hi-Rez Studios,43223,13520,"5,000,000 .. 10,000,000",0,0,2,0,0,0,"Action, Free To Play, Early Access","Battle Royale, Free to Play, Multiplayer"
594570,Total War: WARHAMMER II,"CREATIVE ASSEMBLY, Feral Interactive (Mac), Feral Interactive (Linux)","SEGA, Feral Interactive (Mac), Feral Interactive (Linux)",114776,9476,"5,000,000 .. 10,000,000",0,0,1464,5999,5999,0,"Action, Strategy","Strategy, Fantasy, Turn-Based Strategy"
391540,Undertale,tobyfox,tobyfox,264082,8850,"5,000,000 .. 10,000,000",0,0,3331,999,999,0,"Indie, RPG","Great Soundtrack, Story Rich, Choices Matter"
976730,Halo: The Master Chief Collection,"343 Industries, Splash Damage, Ruffian Games, Bungie, Saber Interactive",Xbox Game Studios,223635,18432,"5,000,000 .. 10,000,000",0,0,3362,3999,3999,0,Action,"Great Soundtrack, FPS, Classic"
646570,Slay the Spire,Mega Crit,Mega Crit,178250,4027,"5,000,000 .. 10,000,000",0,0,15038,2499,2499,0,"Indie, Strategy","Roguelike Deckbuilder, Card Game, Card Battler"
588650,Dead Cells,Motion Twin,Motion Twin,163549,4915,"5,000,000 .. 10,000,000",0,0,2559,2499,2499,0,"Action, Adventure, Indie","Adventure, Action Roguelike, Metroidvania"
268910,Cuphead,Studio MDHR Entertainment Inc.,Studio MDHR Entertainment Inc.,179894,6941,"5,000,000 .. 10,000,000",0,0,2080,1199,1999,40,"Action, Indie","Difficult, Cartoon, Co-op"
439700,Z1 Battle Royale: Test Server,Daybreak Game Company,Daybreak Game Company,1341,1224,"5,000,000 .. 10,000,000",0,0,1,0,0,0,Massively Multiplayer,"Massively Multiplayer, Survival, Free to Play"
500,Left 4 Dead,Valve,Valve,59622,2272,"5,000,000 .. 10,000,000",0,0,774,999,999,0,Action,"Zombies, Co-op, Multiplayer"
1118200,People Playground,mestiez,Studio Minus,277746,4017,"5,000,000 .. 10,000,000",0,0,4505,999,999,0,"Action, Casual, Indie, Simulation","Sandbox, Gore, Physics"
620,Portal 2,Valve,Valve,427835,5675,"5,000,000 .. 10,000,000",0,0,1959,999,999,0,"Action, Adventure","Platformer, Puzzle, First-Person"
1551360,Forza Horizon 5,Playground Games,Xbox Game Studios,199950,25679,"5,000,000 .. 10,000,000",0,0,10009,5999,5999,0,"Action, Adventure, Racing, Simulation, Sports","Racing, Open World, Driving"
1049590,Eternal Return,Nimble Neuron,"Nimble Neuron, SapStaR Games",51694,13352,"5,000,000 .. 10,000,000",0,0,12341,0,0,0,"Indie, Strategy, Free To Play","Free to Play, Anime, Sexual Content"
380,Half-Life 2: Episode One,Valve,Valve,30478,1344,"5,000,000 .. 10,000,000",0,0,18,1999,1999,0,Action,"FPS, Action, Sci-fi"
360,Half-Life Deathmatch: Source,Valve,Valve,3657,1242,"5,000,000 .. 10,000,000",0,0,43,999,999,0,Action,"Action, FPS, Multiplayer"
779340,Total War: THREE KINGDOMS,"CREATIVE ASSEMBLY, Feral Interactive (Mac), Feral Interactive (Linux)","SEGA, Feral Interactive (Mac), Feral Interactive (Linux)",74951,28794,"5,000,000 .. 10,000,000",0,0,4507,3999,3999,0,"Action, Strategy","Strategy, Historical, War"
233450,Prison Architect,"Introversion Software, Double Eleven",Paradox Interactive,64439,7891,"5,000,000 .. 10,000,000",0,0,781,2999,2999,0,"Indie, Simulation, Strategy","Simulation, Building, Sandbox"
782330,DOOM Eternal,id Software,Bethesda Softworks,187807,18219,"5,000,000 .. 10,000,000",0,0,2262,3999,3999,0,Action,"FPS, Action, Gore"
223710,Cry of Fear,Team Psykskallar,Team Psykskallar,65852,8556,"5,000,000 .. 10,000,000",0,0,405,0,0,0,"Action, Adventure, Indie","Horror, Free to Play, Multiplayer"
513710,SCUM,Gamepires,Gamepires,83704,28411,"5,000,000 .. 10,000,000",0,0,8535,1799,4499,60,"Action, Adventure, Indie, Massively Multiplayer","Survival, Open World Survival Craft, Multiplayer"
677620,Splitgate: Arena Warfare,1047 Games,1047 Games,102336,9404,"5,000,000 .. 10,000,000",0,0,185,0,0,0,"Action, Free To Play, Indie","Free to Play, FPS, Multiplayer"
1677740,Stumble Guys,Scopely,Scopely,108841,19170,"5,000,000 .. 10,000,000",0,0,2928,0,0,0,"Action, Casual, Indie, Massively Multiplayer, Racing, Free To Play","Free to Play, Battle Royale, Multiplayer"
109600,Neverwinter,Cryptic Studios,Arc Games,29947,8638,"5,000,000 .. 10,000,000",0,0,665,0,0,0,"Action, Adventure, Massively Multiplayer, RPG, Free To Play","Free to Play, MMORPG, RPG"
397900,Business Tour - Board Game with Online Multiplayer,8Floor,8Floor,46567,30205,"5,000,000 .. 10,000,000",0,0,809,0,0,0,"Adventure, Casual, Indie, Massively Multiplayer, Simulation, Strategy, Free To Play","Board Game, Free to Play, Multiplayer"
420,Half-Life 2: Episode Two,Valve,Valve,40556,1226,"5,000,000 .. 10,000,000",0,0,20,1999,1999,0,Action,"FPS, Action, Sci-fi"
698780,Doki Doki Literature Club!,Team Salvato,Team Salvato,203247,7470,"5,000,000 .. 10,000,000",0,0,427,0,0,0,"Casual, Free To Play, Indie","Psychological Horror, Visual Novel, Anime"
435150,Divinity: Original Sin 2 - Definitive Edition,Larian Studios,Larian Studios,182166,7958,"5,000,000 .. 10,000,000",0,0,3510,4499,4499,0,"Adventure, RPG, Strategy","Tactical RPG, RPG, Turn-Based Strategy"
1100600,Football Manager 2020,Sports Interactive,SEGA,28341,3401,"5,000,000 .. 10,000,000",0,0,1012,0,0,0,"Simulation, Sports","Simulation, Sports, Management"
1604030,V Rising,Stunlock Studios,Stunlock Studios,106197,13243,"5,000,000 .. 10,000,000",0,0,10961,3499,3499,0,"Action, Adventure, Massively Multiplayer","Survival, Open World, Base-Building"
534380,Dying Light 2 Stay Human: Reloaded Edition,Techland,Techland,154122,40708,"5,000,000 .. 10,000,000",0,0,4223,5999,5999,0,"Action, Adventure, RPG","Open World, Co-op, Zombies"
766570,Russian Fishing 4,FishSoft LLC,FishSoft LLC,39598,33887,"5,000,000 .. 10,000,000",0,0,14950,0,0,0,"Adventure, Casual, Massively Multiplayer, RPG, Simulation, Sports, Free To Play","Fishing, Multiplayer, Free to Play"
548430,Deep Rock Galactic,Ghost Ship Games,Coffee Stain Publishing,333587,9413,"5,000,000 .. 10,000,000",0,0,5216,2999,2999,0,Action,"Dwarf, Co-op, PvE"
294100,RimWorld,Ludeon Studios,Ludeon Studios,206216,4301,"5,000,000 .. 10,000,000",0,0,19211,3499,3499,0,"Indie, Simulation, Strategy","Colony Sim, Base-Building, Survival"
273110,Counter-Strike Nexon: Studio,"Valve, NEXON",NEXON,28373,14329,"5,000,000 .. 10,000,000",0,0,369,0,0,0,"Action, Casual, Indie, Massively Multiplayer, Free To Play","Free to Play, FPS, Zombies"
868270,The Cycle: Frontier,YAGER,YAGER,28893,16529,"5,000,000 .. 10,000,000",0,0,2,0,0,0,"Action, Free To Play, Massively Multiplayer","Extraction Shooter, Survival, Loot"
863550,HITMAN 2,IO Interactive A/S,IO Interactive A/S,68165,6778,"5,000,000 .. 10,000,000",0,0,187,0,0,0,Action,"Stealth, Assassin, Action"
1237970,Titanfall 2,Respawn Entertainment,Electronic Arts,244524,11664,"5,000,000 .. 10,000,000",0,0,1173,2999,2999,0,Action,"FPS, Mechs, Multiplayer"
555570,Infestation: The New Z,Fredaikis AB,OP Productions LLC,18200,15615,"5,000,000 .. 10,000,000",0,0,70,0,0,0,"Action, Indie, Massively Multiplayer, RPG, Free To Play","Zombies, Free to Play, Survival"
10190,Call of Duty: Modern Warfare 2 (2009),Infinity Ward,Activision,31945,2927,"5,000,000 .. 10,000,000",0,0,190,1999,1999,0,Action,"Action, FPS, Multiplayer"
424840,Little Nightmares,Tarsier Studios,BANDAI NAMCO Entertainment,104472,5724,"5,000,000 .. 10,000,000",0,0,222,1999,1999,0,Adventure,"Horror, Atmospheric, Adventure"
2669320,EA SPORTS FC 25,"EA Canada, EA Romania",Electronic Arts,37253,37543,"5,000,000 .. 10,000,000",0,0,42032,6999,6999,0,"Simulation, Sports","Sports, Football (Soccer), Simulation"
518790,theHunter: Call of the Wild,Expansive Worlds,Avalanche Studios,157641,19969,"5,000,000 .. 10,000,000",0,0,2207,1999,1999,0,"Adventure, Simulation, Sports","Hunting, Open World, Multiplayer"
365590,Tom Clancy’s The Division,Massive Entertainment,Ubisoft,65652,27546,"5,000,000 .. 10,000,000",0,0,774,2999,2999,0,"Action, Adventure, RPG","Open World, Looter Shooter, Multiplayer"
223470,POSTAL 2,Running With Scissors,Running With Scissors,112414,3644,"5,000,000 .. 10,000,000",0,0,320,999,999,0,"Action, Adventure, Indie","Violent, Dark Humor, Open World"
241930,Middle-earth: Shadow of Mordor,Monolith Productions,"Warner Bros. Interactive Entertainment, Warner Bros. Games",83849,6866,"5,000,000 .. 10,000,000",0,0,441,399,1999,80,,"Open World, Action, Fantasy"
346900,AdVenture Capitalist,Hyper Hippo Games,Hyper Hippo Games,51968,7198,"5,000,000 .. 10,000,000",0,0,1109,0,0,0,"Casual, Indie, Free To Play","Clicker, Idler, Management"
3240220,Grand Theft Auto V Enhanced,Rockstar North,Rockstar Games,38595,17286,"5,000,000 .. 10,000,000",0,0,39502,1499,2999,50,"Action, Adventure, Racing","Open World, Action, Multiplayer"
440900,Conan Exiles Enhanced,"Funcom, Inflexion Games",Funcom,84575,22890,"5,000,000 .. 10,000,000",0,0,5677,3999,3999,0,"Action, Adventure, Massively Multiplayer, RPG, Simulation, Strategy","Survival, Open World, Nudity"
374320,DARK SOULS III,"FromSoftware, Inc.","FromSoftware, Inc., Bandai Namco Entertainment",390326,23449,"5,000,000 .. 10,000,000",0,0,4381,5999,5999,0,Action,"Souls-like, Dark Fantasy, Difficult"
1868140,DAVE THE DIVER,MINTROCKET,MINTROCKET,125422,3909,"5,000,000 .. 10,000,000",0,0,3367,1999,1999,0,"Adventure, Casual, RPG, Simulation","Pixel Graphics, Casual, Management"
304390,FOR HONOR,"Ubisoft Montreal, Ubisoft Quebec, Ubisoft Toronto, Blue Byte",Ubisoft,104468,45788,"5,000,000 .. 10,000,000",0,0,2146,449,2999,85,Action,"Medieval, Swordplay, Action"
208090,Loadout,Edge of Reality,Edge of Reality,34218,5094,"5,000,000 .. 10,000,000",0,0,1,0,0,0,"Action, Free To Play, Indie","Free to Play, Third-Person Shooter, Action"
48700,Mount & Blade: Warband,TaleWorlds Entertainment,TaleWorlds Entertainment,162632,3773,"5,000,000 .. 10,000,000",0,0,3055,1999,1999,0,"Action, RPG","Medieval, RPG, Open World"
2630,Call of Duty 2,Infinity Ward,Activision,9804,670,"5,000,000 .. 10,000,000",0,0,162,1999,1999,0,Action,"World War II, Action, FPS"
12210,Grand Theft Auto IV: The Complete Edition,"Rockstar North, Rockstar Toronto",Rockstar Games,144493,30691,"5,000,000 .. 10,000,000",0,0,2122,599,1999,70,"Action, Adventure","Open World, Action, Automobile Sim"
1144200,Ready or Not,VOID Interactive,VOID Interactive,210654,25542,"5,000,000 .. 10,000,000",0,0,4296,4999,4999,0,"Action, Adventure, Indie","Tactical, Realistic, FPS"
113400,APB Reloaded,Little Orbit,Little Orbit,23693,13599,"5,000,000 .. 10,000,000",0,0,111,0,0,0,"Action, Massively Multiplayer, Free To Play","Free to Play, Open World, Multiplayer"
1332010,Stray,BlueTwelve Studio,Annapurna Interactive,152312,4295,"5,000,000 .. 10,000,000",0,0,498,2999,2999,0,"Adventure, Indie","Cats, Adventure, Atmospheric"
206420,Saints Row IV: Re-Elected,Deep Silver Volition,Deep Silver,67768,9376,"5,000,000 .. 10,000,000",0,0,117,1999,1999,0,"Action, Adventure","Open World, Action, Comedy"
380600,Fishing Planet,Fishing Planet LLC,Fishing Planet LLC,57004,8695,"5,000,000 .. 10,000,000",0,0,2781,0,0,0,"Massively Multiplayer, Simulation, Sports, Free To Play","Fishing, Free to Play, Multiplayer"
225540,Just Cause 3,Avalanche Studios,Square Enix,102532,19629,"5,000,000 .. 10,000,000",0,0,639,299,1999,85,"Action, Adventure","Open World, Action, Destruction"
285800,Braveland,Tortuga Team,Tortuga Team,2555,577,"5,000,000 .. 10,000,000",0,0,1,999,999,0,"Adventure, Casual, Indie, RPG, Strategy","Turn-Based Strategy, Casual, Strategy"
286690,Metro 2033 Redux,4A Games,Deep Silver,101543,9424,"5,000,000 .. 10,000,000",0,0,1208,199,1999,90,Action,"Post-apocalyptic, FPS, Atmospheric"
223750,DCS World Steam Edition,Eagle Dynamics SA,Eagle Dynamics SA,31661,5528,"5,000,000 .. 10,000,000",0,0,636,0,0,0,"Simulation, Free To Play","Simulation, Flight, Free to Play"
1593500,God of War,"Santa Monica Studio, Jetpack Interactive",PlayStation Publishing LLC,151706,6311,"5,000,000 .. 10,000,000",0,0,1380,4999,4999,0,"Action, Adventure, RPG","Action, Singleplayer, Story Rich"
386180,Crossout,Targem Games,Gaijin Network Ltd,48219,15920,"5,000,000 .. 10,000,000",0,0,2231,0,0,0,"Action, Adventure, Massively Multiplayer, Racing, Free To Play","Third Person, Gun Customization, Vehicular Combat"
1238840,Battlefield 1,DICE,Electronic Arts,166775,26046,"5,000,000 .. 10,000,000",0,0,6308,3999,3999,0,"Action, Massively Multiplayer","FPS, Multiplayer, Singleplayer"
812140,Assassin's Creed Odyssey,"Ubisoft Quebec, Ubisoft Montreal, Ubisoft Bucharest, Ubisoft Singapore, Ubisoft Montpellier, Ubisoft Kiev, Ubisoft Shanghai",Ubisoft,153091,19102,"5,000,000 .. 10,000,000",0,0,2629,5999,5999,0,"Action, Adventure, RPG","Open World, RPG, Singleplayer"
1721470,Poppy Playtime,Mob Entertainment,Mob Entertainment,84113,14801,"5,000,000 .. 10,000,000",0,0,588,0,0,0,"Action, Adventure, Indie","Horror, Free to Play, Singleplayer"
960090,Bloons TD 6,Ninja Kiwi,Ninja Kiwi,344269,9691,"2,000,000 .. 5,000,000",0,0,7489,1399,1399,0,Strategy,"Tower Defense, Strategy, Multiplayer"
55230,Saints Row: The Third,Volition,Deep Silver,65644,2956,"2,000,000 .. 5,000,000",0,0,163,999,999,0,Action,"Open World, Action, Comedy"
262060,Darkest Dungeon,Red Hook Studios,Red Hook Studios,137026,12430,"2,000,000 .. 5,000,000",0,0,3848,2499,2499,0,"Indie, RPG, Strategy","Turn-Based Combat, Dark Fantasy, Dungeon Crawler"
761890,Albion Online,Sandbox Interactive GmbH,Sandbox Interactive GmbH,65583,17491,"2,000,000 .. 5,000,000",0,0,8184,0,0,0,"Massively Multiplayer, RPG, Free To Play","Free to Play, MMORPG, Open World"
2001120,Split Fiction,Hazelight Studios,Electronic Arts,79546,2012,"2,000,000 .. 5,000,000",0,0,5476,4999,4999,0,"Action, Adventure","Co-op, Split Screen, Female Protagonist"
281990,Stellaris,Paradox Development Studio,Paradox Interactive,159527,25906,"2,000,000 .. 5,000,000",0,0,13727,4999,4999,0,"Simulation, Strategy","Space, Grand Strategy, Strategy"
252130,Divide By Sheep,"Victor Solodilov, Denis Novikov",tinyBuild,2376,246,"2,000,000 .. 5,000,000",0,0,0,499,499,0,"Adventure, Casual, Indie","Puzzle, Casual, Indie"
211820,Starbound,Chucklefish,Chucklefish,152150,12756,"2,000,000 .. 5,000,000",0,0,894,1499,1499,0,"Action, Adventure, Casual, Indie, RPG","Open World Survival Craft, Sandbox, Survival"
8190,Just Cause 2,Avalanche Studios,Square Enix,46001,4738,"2,000,000 .. 5,000,000",0,0,90,149,1499,90,"Action, Adventure","Open World, Action, Sandbox"
6060,"STAR WARS Battlefront II (Classic, 2005)",Pandemic Studios,"Lucasfilm, LucasArts, Disney",50396,2891,"2,000,000 .. 5,000,000",0,0,323,999,999,0,Action,"Action, Multiplayer, Shooter"
508440,Totally Accurate Battle Simulator,Landfall,Landfall,132974,2969,"2,000,000 .. 5,000,000",0,0,1299,679,1999,66,"Indie, Simulation, Strategy","Sandbox, Simulation, Funny"
115300,Call of Duty: Modern Warfare 3 (2011),"Infinity Ward, Sledgehammer Games",Activision,33647,4306,"2,000,000 .. 5,000,000",0,0,0,3999,3999,0,Action,"Action, FPS, Multiplayer"
42910,Magicka,Arrowhead Game Studios,Paradox Interactive,26997,4365,"2,000,000 .. 5,000,000",0,0,18,999,999,0,"Action, RPG","Comedy, Co-op, Action"
39210,FINAL FANTASY XIV Online,Square Enix,Square Enix,70254,9782,"2,000,000 .. 5,000,000",0,0,19824,1999,1999,0,"Massively Multiplayer, RPG","MMORPG, RPG, Massively Multiplayer"
1222680,Need for Speed Heat,Ghost Games,Electronic Arts,111482,21373,"2,000,000 .. 5,000,000",0,0,1385,6999,6999,0,"Action, Adventure, Racing, Sports","Racing, Open World, Multiplayer"
351940,The Descendant,Gaming Corps AB,"Microids Indie, Microids",6312,811,"2,000,000 .. 5,000,000",0,0,15,1499,1499,0,"Adventure, Casual, Indie","Adventure, Point & Click, Casual"
1250,Killing Floor,Tripwire Interactive,Tripwire Interactive,64024,3448,"2,000,000 .. 5,000,000",0,0,224,1999,1999,0,Action,"FPS, Zombies, Co-op"
2623190,The Elder Scrolls IV: Oblivion Remastered,"Bethesda Game Studios, Virtuos",Bethesda Softworks,42316,10242,"2,000,000 .. 5,000,000",0,0,14420,3999,4999,20,RPG,"RPG, Open World, Fantasy"
323190,Frostpunk,11 bit studios,11 bit studios,114315,9231,"2,000,000 .. 5,000,000",0,0,1699,299,2999,90,"Simulation, Strategy","City Builder, Survival, Resource Management"
1716740,Starfield,Bethesda Game Studios,Bethesda Softworks,93942,71585,"2,000,000 .. 5,000,000",0,0,3725,4999,4999,0,RPG,"Space, Singleplayer, Open World"
813780,Age of Empires II: Definitive Edition,"World's Edge, Forgotten Empires, CaptureAge, Tantalus Media, Wicked Witch, Feral Interactive",Xbox Game Studios,154061,8401,"2,000,000 .. 5,000,000",0,0,13465,3499,3499,0,Strategy,"Strategy, RTS, City Builder"
630,Alien Swarm,Valve,Valve,20179,1095,"2,000,000 .. 5,000,000",0,0,23,0,0,0,"Action, Free To Play","Free to Play, Co-op, Action"
57300,Amnesia: The Dark Descent,Frictional Games,Frictional Games,32258,1850,"2,000,000 .. 5,000,000",0,0,60,1999,1999,0,"Action, Adventure, Indie","Horror, Gore, Psychological Horror"
395170,DISTRAINT: Deluxe Edition,Jesse Makkonen,Jesse Makkonen,11408,834,"2,000,000 .. 5,000,000",0,0,3,499,499,0,"Adventure, Casual, Indie","Indie, Psychological Horror, Horror"
20920,The Witcher 2: Assassins of Kings Enhanced Edition,CD PROJEKT RED,"CD PROJEKT RED, 1C-SoftClub",77950,9114,"2,000,000 .. 5,000,000",0,0,479,1999,1999,0,RPG,"RPG, Fantasy, Mature"
212680,FTL: Faster Than Light,Subset Games,Subset Games,71561,3491,"2,000,000 .. 5,000,000",0,0,1566,399,999,60,"Indie, Simulation, Strategy","Rogue-like, Space, Strategy"
504370,Battlerite,Stunlock Studios,Stunlock Studios,50196,9152,"2,000,000 .. 5,000,000",0,0,103,0,0,0,"Action, Free To Play","PvP, Multiplayer, MOBA"
286160,Tabletop Simulator,Berserk Games,Berserk Games,66735,3925,"2,000,000 .. 5,000,000",0,0,5021,1999,1999,0,"Casual, Indie, RPG, Simulation, Strategy","Tabletop, Board Game, Simulation"
311690,Enter the Gungeon,Dodge Roll,Devolver Digital,81669,3893,"2,000,000 .. 5,000,000",0,0,1165,1499,1499,0,"Action, Adventure, Indie","Bullet Hell, Action Roguelike, Rogue-like"
355840,Survarium,Vostok Games,Vostok Games,13832,11623,"2,000,000 .. 5,000,000",0,0,0,0,0,0,"Action, Free To Play, Massively Multiplayer, RPG, Early Access","Free to Play, Survival, Multiplayer"
1145350,Hades II,Supergiant Games,Supergiant Games,60844,3288,"2,000,000 .. 5,000,000",0,0,1838,2999,2999,0,"Action, Indie, RPG","Action, Rogue-like, Rogue-lite"
1366800,Crosshair X,CenterPoint Gaming,CenterPoint Gaming,29275,2077,"2,000,000 .. 5,000,000",0,0,41428,399,399,0,"Action, Adventure, Indie, Software Training, Utilities","Action, Indie, Adventure"
1196590,Resident Evil Village,"CAPCOM Co., Ltd.","CAPCOM Co., Ltd.",114131,5219,"2,000,000 .. 5,000,000",0,0,1284,999,3999,75,Action,"Survival Horror, Horror, First-Person"
613100,House Flipper,Empyrean,"Frozen District, PlayWay S.A.",89596,5548,"2,000,000 .. 5,000,000",0,0,1311,2499,2499,0,"Action, Adventure, Casual, Indie, Massively Multiplayer, Simulation, Strategy, Free To Play","Simulation, Design & Illustration, Building"
1172380,STAR WARS Jedi: Fallen Order,Respawn Entertainment,Electronic Arts,140485,18094,"2,000,000 .. 5,000,000",0,0,1354,3999,3999,0,"Action, Adventure","Action-Adventure, Souls-like, Third Person"
202970,Call of Duty: Black Ops II,Treyarch,Activision,40563,6454,"2,000,000 .. 5,000,000",0,0,238,5999,5999,0,Action,"Multiplayer, Action, FPS"
304430,INSIDE,Playdead,Playdead,65954,2092,"2,000,000 .. 5,000,000",0,0,129,249,2499,90,"Action, Adventure, Indie","2.5D, Puzzle-Platformer, Atmospheric"
3590,Plants vs. Zombies GOTY Edition,"PopCap Games, Inc.","PopCap Games, Inc., Electronic Arts",136574,3351,"2,000,000 .. 5,000,000",0,0,2656,499,499,0,Strategy,"Tower Defense, Zombies, Strategy"
1260320,Party Animals,Recreate Games,Source Technology,50198,13834,"2,000,000 .. 5,000,000",0,0,3070,1999,1999,0,"Action, Casual, Indie","Multiplayer, Funny, Casual"
33930,Arma 2: Operation Arrowhead,Bohemia Interactive,Bohemia Interactive,20414,1676,"2,000,000 .. 5,000,000",0,0,113,1999,1999,0,"Action, Simulation, Strategy","Simulation, Military, Action"
212500,The Lord of the Rings Online,Standing Stone Games,Daybreak Game Company LLC,17099,3896,"2,000,000 .. 5,000,000",0,0,793,0,0,0,"Action, Adventure, Massively Multiplayer, RPG, Free To Play","Free to Play, MMORPG, Massively Multiplayer"
457140,Oxygen Not Included,Klei Entertainment,Klei Entertainment,124220,4170,"2,000,000 .. 5,000,000",0,0,7545,2499,2499,0,"Indie, Simulation","Colony Sim, Base-Building, Survival"
620980,Beat Saber,Beat Games,Beat Games,71341,3271,"2,000,000 .. 5,000,000",0,0,423,2999,2999,0,Indie,"VR, Rhythm, Music"
1222140,Detroit: Become Human,Quantic Dream,Quantic Dream,162047,7152,"2,000,000 .. 5,000,000",0,0,2344,3999,3999,0,"Action, Adventure","Choices Matter, Story Rich, Multiple Endings"
1817070,Marvel’s Spider-Man Remastered,"Insomniac Games, Nixxes Software",PlayStation Publishing LLC,107786,4606,"2,000,000 .. 5,000,000",0,0,1190,5999,5999,0,"Action, Adventure, Casual","Open World, Superhero, Action"
205100,Dishonored,Arkane Studios,Bethesda Softworks,80427,1943,"2,000,000 .. 5,000,000",0,0,288,999,999,0,"Action, Adventure","Stealth, First-Person, Assassin"
24240,PAYDAY The Heist,OVERKILL - a Starbreeze Studio.,Starbreeze Entertainment,37570,2653,"2,000,000 .. 5,000,000",0,0,38,329,999,67,Action,"FPS, Action, Co-op"
1506830,FIFA 22,EA Canada &amp; EA Romania,Electronic Arts,97293,23578,"2,000,000 .. 5,000,000",0,0,1319,0,0,0,"Simulation, Sports","Football (Soccer), Sports, Multiplayer"
871720,Ultimate Custom Night,Scott Cawthon,Scott Cawthon,55394,2879,"2,000,000 .. 5,000,000",0,0,200,0,0,0,"Action, Free To Play, Indie","Free to Play, Horror, Singleplayer"
962130,Grounded,Obsidian Entertainment,Xbox Game Studios,75482,9035,"2,000,000 .. 5,000,000",0,0,2394,1999,3999,50,"Action, Adventure","Survival, Multiplayer, Co-op"
356190,Middle-earth: Shadow of War,Monolith Productions,WB Games,95053,12165,"2,000,000 .. 5,000,000",0,0,1405,499,4999,90,"Action, Adventure, RPG","Open World, Action, RPG"
274190,Broforce,Free Lives,Devolver Digital,57080,1800,"2,000,000 .. 5,000,000",0,0,283,1499,1499,0,"Action, Adventure, Casual, Indie","America, Action, Pixel Graphics"
234140,Mad Max,Avalanche Studios,"Warner Bros. Games, Warner Bros. Interactive Entertainment",76230,6430,"2,000,000 .. 5,000,000",0,0,563,1999,1999,0,"Action, Adventure","Open World, Vehicular Combat, Post-apocalyptic"
8500,EVE Online,CCP,CCP,26813,9575,"2,000,000 .. 5,000,000",0,0,3705,0,0,0,"Action, Massively Multiplayer, RPG, Strategy, Free To Play","Space, Free to Play, Massively Multiplayer"
552520,Far Cry 5,"Ubisoft Montreal, Red Storm, Ubisoft Shanghai, Ubisoft Toronto, Ubisoft Kiev",Ubisoft,140377,33100,"2,000,000 .. 5,000,000",0,0,1297,5999,5999,0,"Action, Adventure","Open World, Action-Adventure, Multiplayer"
7670,BioShock,"2K Boston, 2K Australia",2K,29127,1804,"2,000,000 .. 5,000,000",0,0,44,1999,1999,0,"Action, RPG","FPS, Atmospheric, Story Rich"
760160,Vampire: The Masquerade - Bloodhunt,Sharkmob AB,Sharkmob AB,43433,13651,"2,000,000 .. 5,000,000",0,0,362,0,0,0,"Action, Free To Play","Multiplayer, Battle Royale, Vampire"
1203620,Enshrouded,Keen Games GmbH,Keen Games GmbH,67486,10594,"2,000,000 .. 5,000,000",0,0,10654,2999,2999,0,"Action, Adventure, Indie, RPG, Early Access","Open World, Survival, Base-Building"
270880,American Truck Simulator,SCS Software,SCS Software,169735,5552,"2,000,000 .. 5,000,000",0,0,6742,1999,1999,0,"Indie, Simulation","Automobile Sim, Driving, Open World"
601510,Yu-Gi-Oh! Duel Links,KONAMI,KONAMI,36345,7285,"2,000,000 .. 5,000,000",0,0,1856,0,0,0,"Strategy, Free To Play","Free to Play, Card Game, Anime"
397540,Borderlands 3,Gearbox Software,2K,125248,23817,"2,000,000 .. 5,000,000",0,0,3164,5999,5999,0,"Action, RPG","RPG, Looter Shooter, Multiplayer"
12120,Grand Theft Auto: San Andreas,Rockstar Games,Rockstar Games,76056,6573,"2,000,000 .. 5,000,000",0,0,363,0,0,0,Action,"Open World, Action, Crime"
236870,HITMAN,"IO Interactive A/S, Feral Interactive (Linux), Feral Interactive (Mac)","IO Interactive A/S, Feral Interactive (Linux), Feral Interactive (Mac)",30973,6227,"2,000,000 .. 5,000,000",0,0,46,0,0,0,Action,"Stealth, Action, Assassin"
674940,Stick Fight: The Game,Landfall West,Landfall,114720,7938,"2,000,000 .. 5,000,000",0,0,265,199,499,60,"Action, Casual, Indie","Multiplayer, Funny, Fighting"
884660,CRSED: F.O.A.D.,"Darkflow Software, Matter Team",Gaijin Network Ltd,30411,8179,"2,000,000 .. 5,000,000",0,0,96,0,0,0,"Action, Massively Multiplayer, Free To Play","Battle Royale, Free to Play, Multiplayer"
701160,Kingdom Two Crowns,Stumpy,Raw Fury,6244,819,"2,000,000 .. 5,000,000",0,0,1305,1999,1999,0,"Adventure, Indie, Simulation, Strategy","Tower Defense, Minimalist, City Builder"
1832640,Mirror 2: Project X,KAGAMI Ⅱ WORKs,NIJICO,28726,87986,"2,000,000 .. 5,000,000",0,0,11,79,199,60,"Adventure, Indie, RPG, Early Access","3D, Match 3, Anime"
208650,Batman: Arkham Knight,Rocksteady Studios,WB Games,124147,15901,"2,000,000 .. 5,000,000",0,0,1587,1999,1999,0,"Action, Adventure","Action, Open World, Superhero"
48000,LIMBO,Playdead,Playdead,53043,4241,"2,000,000 .. 5,000,000",0,0,82,124,1249,90,"Action, Adventure, Indie","Puzzle-Platformer, Indie, Puzzle"
2379780,Balatro,LocalThunk,Playstack,150524,3042,"2,000,000 .. 5,000,000",0,0,17123,1499,1499,0,"Casual, Indie, Strategy","Card Game, Roguelike Deckbuilder, Rogue-like"
298110,Far Cry 4,"Ubisoft Montreal, Red Storm, Shanghai, Toronto, Kiev",Ubisoft,51618,9649,"2,000,000 .. 5,000,000",0,0,558,2999,2999,0,"Action, Adventure","Open World, Action, FPS"
42710,Call of Duty: Black Ops,Treyarch,Activision,15124,2010,"2,000,000 .. 5,000,000",0,0,213,3999,3999,0,Action,"Action, FPS, Zombies"
200710,Torchlight II,Runic Games,XD,41131,3210,"2,000,000 .. 5,000,000",0,0,268,399,1999,80,"Action, Adventure, Indie, RPG","RPG, Action RPG, Hack and Slash"
203770,Crusader Kings II,Paradox Development Studio,Paradox Interactive,66359,7450,"2,000,000 .. 5,000,000",0,0,1373,0,0,0,"RPG, Simulation, Strategy, Free To Play","Grand Strategy, Strategy, Medieval"
1903340,Clair Obscur: Expedition 33,Sandfall Interactive,Kepler Interactive,106216,4816,"2,000,000 .. 5,000,000",0,0,27880,4999,4999,0,"Action, RPG","Turn-Based Combat, Story Rich, Fantasy"
244850,Space Engineers,Keen Software House,Keen Software House,117204,15143,"2,000,000 .. 5,000,000",0,0,4201,1999,1999,0,"Action, Indie, Simulation, Strategy","Space, Sandbox, Building"
1366540,Dyson Sphere Program,Youthcat Studio,Gamirror Games,83095,1993,"2,000,000 .. 5,000,000",0,0,2703,1999,1999,0,"Indie, Simulation, Strategy, Early Access","Automation, Space, Base-Building"
2709570,Supermarket Together,DeadDevsTellNoLies,DeadDevsTellNoLies,63994,3441,"2,000,000 .. 5,000,000",0,0,4704,0,0,0,"Casual, Indie, Simulation, Free To Play","Simulation, Online Co-Op, Multiplayer"
201270,Total War: SHOGUN 2,"CREATIVE ASSEMBLY, Feral Interactive (Mac), Feral Interactive (Linux)","SEGA, Feral Interactive (Mac), Feral Interactive (Linux)",58839,5437,"2,000,000 .. 5,000,000",0,0,0,2999,2999,0,Strategy,"Strategy, Historical, Turn-Based Strategy"
389730,TEKKEN 7,BANDAI NAMCO Studios Inc.,BANDAI NAMCO Entertainment,77227,15580,"2,000,000 .. 5,000,000",0,0,599,3999,3999,0,"Action, Sports","Fighting, Action, Multiplayer"
10090,Call of Duty: World at War,Treyarch,Activision,46665,3884,"2,000,000 .. 5,000,000",0,0,433,1999,1999,0,Action,"Zombies, World War II, FPS"
1259420,Days Gone,Bend Studio,PlayStation Publishing LLC,95697,7446,"2,000,000 .. 5,000,000",0,0,1600,3999,3999,0,"Action, Adventure","Open World, Zombies, Survival"
261640,Borderlands: The Pre-Sequel,"2K Australia, Gearbox Software, Aspyr (Linux)","2K, Aspyr (Linux)",33577,8802,"2,000,000 .. 5,000,000",0,0,437,3999,3999,0,"Action, RPG","Looter Shooter, Co-op, FPS"
220200,Kerbal Space Program,Squad,Private Division,121084,6078,"2,000,000 .. 5,000,000",0,0,1844,3999,3999,0,"Indie, Simulation","Space, Simulation, Sandbox"
1142710,Total War: WARHAMMER III,"CREATIVE ASSEMBLY, Feral Interactive","SEGA, Feral Interactive",87141,32717,"2,000,000 .. 5,000,000",0,0,16842,5999,5999,0,"Action, Strategy","Strategy, Turn-Based Strategy, Grand Strategy"
265630,Fistful of Frags,Fistful of Frags Team,Fistful of Frags Team,33130,3132,"2,000,000 .. 5,000,000",0,0,53,0,0,0,"Action, Free To Play, Indie","PvP, Arena Shooter, FPS"
219150,Hotline Miami,Dennaton Games,Devolver Digital,103599,3058,"2,000,000 .. 5,000,000",0,0,404,999,999,0,"Action, Indie","Great Soundtrack, Violent, Action"
418460,Rising Storm 2: Vietnam,"Antimatter Games, Tripwire Interactive",Tripwire Interactive,49952,7611,"2,000,000 .. 5,000,000",0,0,449,2499,2499,0,"Action, Massively Multiplayer, Simulation, Strategy","FPS, Wargame, Military"
312990,The Expendabros,Free Lives,Devolver Digital,17661,513,"2,000,000 .. 5,000,000",0,0,20,0,0,0,"Action, Adventure, Indie, Free To Play","Free to Play, Action, Pixel Graphics"
211500,RaceRoom Racing Experience,KW Studios,"KW Studios, RaceRoom Entertainment AG",17812,5806,"2,000,000 .. 5,000,000",0,0,431,0,0,0,"Racing, Simulation, Sports, Free To Play","Free to Play, Racing, Automobile Sim"
506540,Last Man Standing,"Free Reign Entertainment, Free Reign Entertainment",Free Reign Entertainment,10776,6811,"2,000,000 .. 5,000,000",0,0,0,0,0,0,"Action, Adventure, Free To Play, Indie, Massively Multiplayer, Strategy","Free to Play, Survival, Multiplayer"
20900,The Witcher: Enhanced Edition Director's Cut,CD PROJEKT RED,"CD PROJEKT RED, 1C-SoftClub",73569,9135,"2,000,000 .. 5,000,000",0,0,616,999,999,0,"Action, RPG","RPG, Fantasy, Story Rich"
552500,Warhammer: Vermintide 2,Fatshark,Fatshark,113489,20234,"2,000,000 .. 5,000,000",0,0,2124,149,2999,95,"Action, Indie, RPG","Co-op, Dark Fantasy, Games Workshop"
1057090,Ori and the Will of the Wisps,Moon Studios GmbH,Xbox Game Studios,131989,4701,"2,000,000 .. 5,000,000",0,0,697,2999,2999,0,Action,"Beautiful, Metroidvania, Platformer"
359320,Elite Dangerous,Frontier Developments,Frontier Developments,77388,22636,"2,000,000 .. 5,000,000",0,0,4845,599,1999,70,"Action, Adventure, Massively Multiplayer, RPG, Simulation, Strategy","Space Sim, Space, Open World"
214950,Total War: ROME II - Emperor Edition,"CREATIVE ASSEMBLY, Feral Interactive","SEGA, Feral Interactive",73559,14614,"2,000,000 .. 5,000,000",0,0,3901,5999,5999,0,Strategy,"Strategy, Historical, Turn-Based Strategy"
9480,Saints Row 2,Volition,Deep Silver,15420,5046,"2,000,000 .. 5,000,000",0,0,95,999,999,0,Action,"Open World, Action, Character Customization"
245170,Skullgirls 2nd Encore,Hidden Variable Studios,Autumn Games,29623,11230,"2,000,000 .. 5,000,000",0,0,112,2499,2499,0,"Action, Indie","Fighting, 2D Fighter, Indie"
207610,The Walking Dead,Telltale Games,Skybound Games,71633,1995,"2,000,000 .. 5,000,000",0,0,614,1499,1499,0,Adventure,"Zombies, Story Rich, Adventure"
35450,Red Orchestra 2: Heroes of Stalingrad with Rising Storm,Tripwire Interactive,Tripwire Interactive,34765,2863,"2,000,000 .. 5,000,000",0,0,92,1999,1999,0,"Action, Massively Multiplayer, Simulation","World War II, Realistic, Multiplayer"
285900,Gang Beasts,"Boneloaf, Rocket Science",Boneloaf,51267,9003,"2,000,000 .. 5,000,000",0,0,376,499,1999,75,"Action, Adventure, Casual, Indie, Simulation","Funny, Physics, Multiplayer"
232090,Killing Floor 2,Tripwire Interactive,Tripwire Interactive,111325,15541,"2,000,000 .. 5,000,000",0,0,4508,2999,2999,0,Action,"Zombies, Multiplayer, Online Co-Op"
42680,Call of Duty: Modern Warfare 3 (2011),"Infinity Ward, Sledgehammer Games",Activision,21320,3686,"2,000,000 .. 5,000,000",0,0,357,3999,3999,0,Action,"Action, FPS, Multiplayer"
918570,Century: Age of Ashes,Playwing LTD,Playwing LTD,13226,4514,"2,000,000 .. 5,000,000",0,0,54,0,0,0,"Action, Indie, Racing, Free To Play","Free to Play, Dragons, Multiplayer"
1771300,Kingdom Come: Deliverance II,Warhorse Studios,Deep Silver,96279,6058,"2,000,000 .. 5,000,000",0,0,7073,2999,5999,50,"Action, Adventure, RPG","RPG, Medieval, Open World"
447040,Watch_Dogs 2,Ubisoft,Ubisoft,68213,14166,"2,000,000 .. 5,000,000",0,0,863,4999,4999,0,"Action, Adventure","Open World, Hacking, Illuminati"
200510,XCOM: Enemy Unknown,"Firaxis Games, Feral Interactive (Linux)","2K, Feral Interactive (Linux)",52717,3697,"2,000,000 .. 5,000,000",0,0,590,1499,1499,0,Strategy,"Turn-Based Strategy, Tactical, Strategy"
361420,ASTRONEER,System Era Softworks,System Era Softworks,118817,10139,"2,000,000 .. 5,000,000",0,0,988,2999,2999,0,"Adventure, Indie","Multiplayer, Open World, Open World Survival Craft"
33900,Arma 2,Bohemia Interactive,Bohemia Interactive,1769,348,"2,000,000 .. 5,000,000",0,0,0,1299,1299,0,"Action, Simulation, Strategy","Simulation, Military, Action"
209080,Guns of Icarus Online,Muse Games,Muse Games,13172,1473,"2,000,000 .. 5,000,000",0,0,16,499,499,0,"Action, Adventure, Indie, Simulation","Steampunk, Team-Based, Multiplayer"
307780,Mortal Kombat X,"NetherRealm Studios, QLOC","Warner Bros. Games, Warner Bros. Interactive Entertainment",48077,8175,"2,000,000 .. 5,000,000",0,0,426,1999,1999,0,Action,"Fighting, Gore, Action"
335240,Transformice,Atelier 801,Atelier 801,24320,3341,"2,000,000 .. 5,000,000",0,0,1284,0,0,0,"Free To Play, Indie, Massively Multiplayer","Free to Play, Multiplayer, Massively Multiplayer"
403640,Dishonored 2,Arkane Studios,Bethesda Softworks,56155,6627,"2,000,000 .. 5,000,000",0,0,308,2999,2999,0,Action,"Stealth, First-Person, Action"
99900,Spiral Knights,Grey Havens,Grey Havens,19869,3789,"2,000,000 .. 5,000,000",0,0,132,0,0,0,"Action, Adventure, Casual, Free To Play, Indie, Massively Multiplayer, RPG","Free to Play, Massively Multiplayer, RPG"
1289310,Helltaker,vanripper,vanripper,122115,2803,"2,000,000 .. 5,000,000",0,0,75,0,0,0,"Adventure, Free To Play, Indie","Free to Play, Cute, Demons"
287700,METAL GEAR SOLID V: THE PHANTOM PAIN,KONAMI,KONAMI,91675,8247,"2,000,000 .. 5,000,000",0,0,1333,1999,1999,0,"Action, Adventure","Stealth, Open World, Action"
460930,Tom Clancy's Ghost Recon Wildlands,"Ubisoft Paris, Ubisoft Annecy, Ubisoft Bucharest, Ubisoft Montpellier, Ubisoft Milan, Reflections, Ubisoft Belgrade",Ubisoft,77138,19439,"2,000,000 .. 5,000,000",0,0,1441,4999,4999,0,"Action, Adventure","Open World, Shooter, Co-op"
219740,Don't Starve,Klei Entertainment,Klei Entertainment,106118,3698,"2,000,000 .. 5,000,000",0,0,1472,999,999,0,"Adventure, Indie, Simulation","Survival, Open World Survival Craft, Crafting"
96000,The Tiny Bang Story,Colibri Games,Colibri Games,5630,821,"2,000,000 .. 5,000,000",0,0,10,499,499,0,"Adventure, Casual, Indie","Point & Click, Puzzle, Hand-drawn"
35720,Trine 2: Complete Story,Frozenbyte,Frozenbyte,20682,997,"2,000,000 .. 5,000,000",0,0,18,399,1999,80,"Action, Adventure, Indie","Puzzle-Platformer, Platformer, Adventure"
387990,Scrap Mechanic,Axolot Games,Axolot Games,104512,8771,"2,000,000 .. 5,000,000",0,0,909,1999,1999,0,"Action, Adventure, Indie, Simulation, Early Access","Building, Sandbox, Multiplayer"
880940,Pummel Party,Rebuilt Games,Rebuilt Games,47800,6014,"2,000,000 .. 5,000,000",0,0,1096,1499,1499,0,"Action, Casual, Indie","Multiplayer, Funny, Online Co-Op"
409710,BioShock Remastered,"2K Boston, 2K Australia, Blind Squirrel, Feral Interactive (Mac)","2K, Feral Interactive (Mac)",47962,10301,"2,000,000 .. 5,000,000",0,0,364,1999,1999,0,"Action, RPG","FPS, Story Rich, Atmospheric"
686810,Hell Let Loose,Expression Games,Team17,113447,24230,"2,000,000 .. 5,000,000",0,0,3380,1749,6999,75,"Action, Indie, Massively Multiplayer, Simulation, Strategy","Shooter, Realistic, World War II"
418370,Resident Evil 7 Biohazard,"CAPCOM Co., Ltd.","CAPCOM Co., Ltd.",93214,4632,"2,000,000 .. 5,000,000",0,0,792,1999,1999,0,"Action, Adventure","Horror, Survival Horror, First-Person"
50130,Mafia II (Classic),2K Czech,2K,51876,3121,"2,000,000 .. 5,000,000",0,0,207,599,2999,80,Action,"Action, Open World, Crime"
1454400,Cookie Clicker,"Orteil, DashNet",Playsaurus,77218,2674,"2,000,000 .. 5,000,000",0,0,9583,499,499,0,"Casual, Indie, Simulation, Strategy","Clicker, Idler, Casual"
379430,Kingdom Come: Deliverance,Warhorse Studios,"Warhorse Studios, Deep Silver",136446,25760,"2,000,000 .. 5,000,000",0,0,2520,599,2999,80,"Action, Adventure, RPG","Medieval, RPG, Open World"
274170,Hotline Miami 2: Wrong Number,Dennaton Games,Devolver Digital,62741,3893,"2,000,000 .. 5,000,000",0,0,437,1499,1499,0,"Action, Indie","Great Soundtrack, Gore, Pixel Graphics"
232770,POSTAL,Running With Scissors,Running With Scissors,10023,1000,"2,000,000 .. 5,000,000",0,0,41,6795,6795,0,"Action, Indie","Horror, Villain Protagonist, Psychological Horror"
1363080,Manor Lords,Slavic Magic,Hooded Horse,62224,9896,"2,000,000 .. 5,000,000",0,0,1977,2599,3999,35,"Simulation, Strategy, Early Access","Strategy, City Builder, Simulation"
585690,Minimalism,PixelMouse,PixelMouse,1276,465,"2,000,000 .. 5,000,000",0,0,49,99,99,0,"Action, Adventure, Casual, Indie","Indie, Casual, Action"
289650,Assassin's Creed Unity,Ubisoft,Ubisoft,58065,16229,"2,000,000 .. 5,000,000",0,0,373,2999,2999,0,"Action, Adventure","Open World, Parkour, Assassin"
17410,Mirror's Edge,DICE,Electronic Arts,32983,4669,"2,000,000 .. 5,000,000",0,0,43,1999,1999,0,"Action, Adventure","Action-Adventure, Parkour, First-Person"
4560,Company of Heroes - Legacy Edition,Relic Entertainment,SEGA,6540,457,"2,000,000 .. 5,000,000",0,0,65,3699,3699,0,"Action, Strategy","Strategy, World War II, RTS"
2479810,Gray Zone Warfare,"MADFINGER Games, a.s.","MADFINGER Games, a.s.",40235,19083,"2,000,000 .. 5,000,000",0,0,7543,3999,3999,0,"Action, Massively Multiplayer, Simulation, Early Access","Early Access, Online Co-Op, Tactical"
233130,Shadow Warrior,Flying Wild Hog,Devolver Digital,24071,2080,"2,000,000 .. 5,000,000",0,0,20,2999,2999,0,"Action, Adventure","Action, FPS, Swordplay"
1056960,Wolfenstein: Youngblood,"MachineGames, Arkane Studios",Bethesda Softworks,6360,8083,"2,000,000 .. 5,000,000",0,0,38,1999,1999,0,Action,"Action, Co-op, FPS"
976310,Mortal Kombat 11,"NetherRealm Studios, QLOC, Shiver","Warner Bros. Games, Warner Bros. Interactive Entertainment",93635,12646,"2,000,000 .. 5,000,000",0,0,1026,4999,4999,0,Action,"Fighting, Gore, Violent"
202990,Call of Duty: Black Ops II,Treyarch,Activision,27100,4790,"2,000,000 .. 5,000,000",0,0,167,5999,5999,0,Action,"Action, Multiplayer, FPS"
355180,Codename CURE,Raptor Byte,Raptor Byte,13960,2518,"2,000,000 .. 5,000,000",0,0,12,0,0,0,"Action, Free To Play","Zombies, Shooter, Free to Play"
678950,DRAGON BALL FighterZ,Arc System Works,Bandai Namco Entertainment,65978,6998,"2,000,000 .. 5,000,000",0,0,511,959,5999,84,Action,"Fighting, Anime, Action"
1151340,Fallout 76,Bethesda Game Studios,Bethesda Softworks,89334,33215,"2,000,000 .. 5,000,000",0,0,8796,3999,3999,0,RPG,"Open World, Multiplayer, Post-apocalyptic"
299360,Block N Load,"Toadman Interactive, Artplant",Toadman Interactive,11944,3237,"2,000,000 .. 5,000,000",0,0,4,0,0,0,"Action, Massively Multiplayer, Strategy, Free To Play","Free to Play, Action, Multiplayer"
213670,South Park: The Stick of Truth,Obsidian Entertainment,Ubisoft,66636,1669,"2,000,000 .. 5,000,000",0,0,274,749,2999,75,"Action, Adventure, RPG","RPG, Comedy, Adventure"
262410,World of Guns: Gun Disassembly,Noble Empire Corp.,Noble Empire Corp.,16184,3058,"2,000,000 .. 5,000,000",0,0,103,0,0,0,"Action, Casual, Indie, Simulation, Strategy, Free To Play","Free to Play, Simulation, Gun Customization"
224600,Defiance,Trion Worlds,Trion Worlds,9676,2964,"2,000,000 .. 5,000,000",0,0,2,0,0,0,"Action, Free To Play, Massively Multiplayer, RPG","Free to Play, Looter Shooter, Open World"
368230,Kingdom: Classic,"Noio, Licorice",Raw Fury,20023,2065,"2,000,000 .. 5,000,000",0,0,40,0,0,0,"Indie, Simulation, Strategy","Free to Play, Strategy, Singleplayer"
3097560,Liar's Bar,Curve Animation,Curve Animation,44341,4209,"2,000,000 .. 5,000,000",0,0,605,699,699,0,"Casual, Indie, Simulation, Strategy, Early Access","Multiplayer, Casual, PvP"
335300,DARK SOULS II: Scholar of the First Sin,"FromSoftware, Inc.","Bandai Namco Entertainment, FromSoftware, Inc.",98052,18658,"2,000,000 .. 5,000,000",0,0,1612,3999,3999,0,"Action, RPG","Souls-like, Dark Fantasy, RPG"
233860,Kenshi,Lo-Fi Games,Lo-Fi Games,93712,4423,"2,000,000 .. 5,000,000",0,0,5412,2999,2999,0,"Action, Indie, RPG, Simulation, Strategy","Open World, Sandbox, RPG"
391720,Layers of Fear (2016),Bloober Team SA,Bloober Team SA,23576,3040,"2,000,000 .. 5,000,000",0,0,17,1999,1999,0,"Adventure, Indie","Horror, Psychological Horror, Atmospheric"
240720,Getting Over It with Bennett Foddy,Bennett Foddy,Bennett Foddy,63479,13524,"2,000,000 .. 5,000,000",0,0,192,799,799,0,Action,"Psychological Horror, Difficult, Singleplayer"
838350,The Scroll Of Taiwu,ConchShip Games,ConchShip Games,42350,18287,"2,000,000 .. 5,000,000",0,0,989,2999,2999,0,"Adventure, Casual, Indie, RPG, Strategy, Early Access","RPG, Martial Arts, Sandbox"
238320,Outlast,Red Barrels,Red Barrels,121220,4458,"2,000,000 .. 5,000,000",0,0,215,374,1499,75,"Action, Adventure, Indie","Horror, First-Person, Survival Horror"
282070,This War of Mine,11 bit studios,11 bit studios,94484,7256,"2,000,000 .. 5,000,000",0,0,756,1999,1999,0,"Adventure, Indie, Simulation","Survival, War, Atmospheric"
412020,Metro Exodus,4A Games,Deep Silver,108945,12370,"2,000,000 .. 5,000,000",0,0,702,449,2999,85,Action,"Post-apocalyptic, FPS, Singleplayer"
1158310,Crusader Kings III,Paradox Development Studio,Paradox Interactive,114259,12650,"2,000,000 .. 5,000,000",0,0,14302,4999,4999,0,"RPG, Simulation, Strategy","Strategy, Medieval, Grand Strategy"
2567870,Chained Together,Anegar Games,Secret Mode,48180,4958,"2,000,000 .. 5,000,000",0,0,1154,399,499,20,"Adventure, Casual, Indie, Simulation","Co-op, Adventure, Casual"
265930,Goat Simulator,Coffee Stain Studios,Coffee Stain Publishing,62249,6331,"2,000,000 .. 5,000,000",0,0,71,999,999,0,"Casual, Indie, Simulation","Simulation, Funny, Comedy"
214490,Alien: Isolation,"Creative Assembly, Feral Interactive (Mac), Feral Interactive (Linux)","SEGA, Feral Interactive (Mac), Feral Interactive (Linux)",56716,4115,"2,000,000 .. 5,000,000",0,0,211,1199,3999,70,Action,"Horror, Survival Horror, Sci-fi"
362890,Black Mesa,Crowbar Collective,Crowbar Collective,121562,6131,"2,000,000 .. 5,000,000",0,0,907,1999,1999,0,"Action, Adventure, Indie","FPS, Remake, Action"
438740,Friday the 13th: The Game,IllFonic,Gun Media,62069,15444,"2,000,000 .. 5,000,000",0,0,19,0,0,0,Action,"Horror, Multiplayer, Survival Horror"
617290,Remnant: From the Ashes,Gunfire Games,"Arc Games, THQ Nordic",44761,8081,"2,000,000 .. 5,000,000",0,0,429,3999,3999,0,"Action, Adventure, RPG","Souls-like, Action, Co-op"
588430,Fallout Shelter,Bethesda Game Studios,Bethesda Softworks,65847,8601,"2,000,000 .. 5,000,000",0,0,1001,0,0,0,"RPG, Simulation, Free To Play","Free to Play, Base-Building, Survival"
1943950,Escape the Backrooms,"Fancy Games, Blackbird Interactive",Secret Mode,93330,9199,"2,000,000 .. 5,000,000",0,0,1756,799,999,20,"Action, Indie","Horror, Multiplayer, Online Co-Op"
203140,Hitman: Absolution,Io-Interactive A/S,Io-Interactive A/S,51769,3932,"2,000,000 .. 5,000,000",0,0,618,1999,1999,0,Action,"Stealth, Action, Third Person"
12100,Grand Theft Auto III,Rockstar Games,Rockstar Games,12654,1946,"2,000,000 .. 5,000,000",0,0,42,0,0,0,Action,"Open World, Action, Automobile Sim"
905370,Conqueror's Blade,Booming Tech,Poros Interactive,22576,7558,"2,000,000 .. 5,000,000",0,0,2,0,0,0,"Action, Massively Multiplayer, Strategy, Free To Play","Medieval, Tactical, Strategy"
